carga1,
carga2,
carga3,
carga4,
carga5,
carga6,
carga7,
carga8,
carga9,
carga10,
carga11,
carga12,
carga13,
carga14,
carga15,
carga16,
carga17,
carga18,
carga19,
carga20,
carga21,
carga22,
carga23,
carga24,
carga25,
carga26,
carga27,
carga28,
carga29,
carga30,
carga31,
carga32,
carga33,
carga34,
carga35,
carga36,
carga37,
carga38,
carga39,
carga40,
carga41,
carga42,
carga43,
carga44,
carga45,
carga46,
carga47,
carga48,
carga49,
carga50,
carga51,
carga52,
carga53,
carga54,
carga55,
carga56,
carga57,
carga58,
carga59,
carga60,
carga61,
carga62,
carga63,
carga64,
carga65,
carga66,
carga67,
carga68,
carga69,
carga70,
carga71,
carga72,
carga73,
carga74,
carga75,
carga76,
carga77,
carga78,
carga79,
carga80,
carga81,
carga82,
carga83,
carga84,
carga85,
carga86,
carga87,
carga88,
carga89,
carga90,
carga91,
carga92,
carga93,
carga94,
carga95,
carga96,
carga97,
carga98,
carga99,
carga100,
carga101,
carga102,
carga103,
carga104,
carga105,
carga106,
carga107,
carga108,
carga109,
carga110,
carga111,
carga112,
carga113,
carga114,
carga115,
carga116,
carga117,
carga118,
carga119,
carga120,
carga121,
carga122,
carga123,
carga124,
carga125,
carga126,
carga127,
carga128,
carga129,
carga130,
carga131,
carga132,
carga133,
carga134,
carga135,
carga136,
carga137,
carga138,
carga139,
carga140,
carga141,
carga142,
carga143,
carga144,
carga145,
carga146,
carga147,
carga148,
carga149,
carga150,
carga151,
carga152,
carga153,
carga154,
carga155,
carga156,
carga157,
carga158,
carga159,
carga160,
carga161,
carga162,
carga163,
carga164,
carga165,
carga166,
carga167,
carga168,
carga169,
carga170,
carga171,
carga172,
carga173,
carga174,
carga175,
carga176,
carga177,
carga178,
carga179,
carga180,
carga181,
carga182,
carga183,
carga184,
carga185,
carga186,
carga187,
carga188,
carga189,
carga190,
carga191,
carga192,
carga193,
carga194,
carga195,
carga196,
carga197,
carga198,
carga199,
carga200,
carga201,
carga202,
carga203,
carga204,
carga205,
carga206,
carga207,
carga208,
carga209,
carga210,
carga211,
carga212,
carga213,
carga214,
carga215,
carga216,
carga217,
carga218,
carga219,
carga220,
carga221,
carga222,
carga223,
carga224,
carga225,
carga226,
carga227,
carga228,
carga229,
carga230,
carga231,
carga232,
carga233,
carga234,
carga235,
carga236,
carga237,
carga238,
carga239,
carga240,
carga241,
carga242,
carga243,
carga244,
carga245,
carga246,
carga247,
carga248,
carga249,
carga250,
carga251,
carga252,
carga253,
carga254,
carga255,
carga256,
carga257,
carga258,
carga259,
carga260,
carga261,
carga262,
carga263,
carga264,
carga265,
carga266,
carga267,
carga268,
carga269,
carga270,
carga271,
carga272,
carga273,
carga274,
carga275,
carga276,
carga277,
carga278,
carga279,
carga280,
carga281,
carga282,
carga283,
carga284,
carga285,
carga286,
carga287,
carga288,
carga289,
carga290,
carga291,
carga292,
carga293,
carga294,
carga295,
carga296,
carga297,
carga298,
carga299,
carga300,